Subreddit,Subcribers
funny,20643358
AskReddit,20021794
worldnews,19411763
pics,19388599
science,19380769
todayilearned,19326404
gaming,18979548
videos,18394036
movies,18314898
IAmA,18295582
aww,17973497
Music,17378338
gifs,16700952
blog,16647383
news,16568622
EarthPorn,15979533
askscience,15968515
explainlikeimfive,15911507
books,15077819
television,15020211
Showerthoughts,14883021
mildlyinteresting,14786904
LifeProTips,14561111
DIY,14317765
Jokes,14291245
space,14279816
gadgets,14060877
nottheonion,13971894
sports,13918447
food,13893151
photoshopbattles,13625025
tifu,13601452
GetMotivated,13573750
Documentaries,13504139
UpliftingNews,13485265
Art,13479312
dataisbeautiful,13320383
listentothis,13312119
Futurology,13271722
history,13265415
personalfinance,13207304
OldSchoolCool,13127884
philosophy,13058440
WritingPrompts,12639217
nosleep,12554167
creepy,12451299
TwoXChromosomes,11877610
Fitness,6561021
technology,6551089
WTF,5243875
